web-scraper-order,web-scraper-start-url,name,price,image-src
"1536624121-893","https://www.ebay.com/sch/Tempered-Glass-Screen-Protectors-for-Cell-Phone/58540/i.html?_fsrp=1&Material=Tempered%2520Glass&_ipg=200","For Xiaomi Redmi 5/5Plus 5A Tempered Glass Screen Protector 3D Full Cover Film","$1.36","https://ir.ebaystatic.com/cr/v/c1/s_1x2.gif"
"1536624121-919","https://www.ebay.com/sch/Tempered-Glass-Screen-Protectors-for-Cell-Phone/58540/i.html?_fsrp=1&Material=Tempered%2520Glass&_ipg=200","For Xiaomi RedMi Note 5 4 4X Note 3 Tempered Glass LCD Screen Protector Film PR1","$1.29","https://ir.ebaystatic.com/cr/v/c1/s_1x2.gif"
"1536624121-967","https://www.ebay.com/sch/Tempered-Glass-Screen-Protectors-for-Cell-Phone/58540/i.html?_fsrp=1&Material=Tempered%2520Glass&_ipg=200","For iPhone X Cafele Back Rear Tempered Glass Screen Protector Film Cover Guard","$0.71","https://ir.ebaystatic.com/cr/v/c1/s_1x2.gif"
"1536624121-880","https://www.ebay.com/sch/Tempered-Glass-Screen-Protectors-for-Cell-Phone/58540/i.html?_fsrp=1&Material=Tempered%2520Glass&_ipg=200","For Xiaomi Redmi Note 5 Pro/5S/5A 3D Full Cover Tempered Glass Screen Protector","$2.71","https://ir.ebaystatic.com/cr/v/c1/s_1x2.gif"
"1536624121-948","https://www.ebay.com/sch/Tempered-Glass-Screen-Protectors-for-Cell-Phone/58540/i.html?_fsrp=1&Material=Tempered%2520Glass&_ipg=200","2-Pack Premium Tempered Glass Screen Protector Guard For LG G6 / LG G7 ThinQ","$1.51","https://ir.ebaystatic.com/cr/v/c1/s_1x2.gif"
"1536624121-873","https://www.ebay.com/sch/Tempered-Glass-Screen-Protectors-for-Cell-Phone/58540/i.html?_fsrp=1&Material=Tempered%2520Glass&_ipg=200","6Pcs 9H Premium Tempered Glass Screen Protector For Samsung Galaxy J3 J5 J7 2017","$2.92","https://ir.ebaystatic.com/cr/v/c1/s_1x2.gif"
"1536624121-914","https://www.ebay.com/sch/Tempered-Glass-Screen-Protectors-for-Cell-Phone/58540/i.html?_fsrp=1&Material=Tempered%2520Glass&_ipg=200","5D FullCover Tempered Glass Film Screen Protector for Huawei Mate10 Lite/Pro P10","$2.35","https://ir.ebaystatic.com/cr/v/c1/s_1x2.gif"
"1536624121-830","https://www.ebay.com/sch/Tempered-Glass-Screen-Protectors-for-Cell-Phone/58540/i.html?_fsrp=1&Material=Tempered%2520Glass&_ipg=200","3D Tempered Glass Screen Protector For Apple Watch iWatch Front Cover 38mm 42mm","$2.23","https://ir.ebaystatic.com/cr/v/c1/s_1x2.gif"
"1536624121-872","https://www.ebay.com/sch/Tempered-Glass-Screen-Protectors-for-Cell-Phone/58540/i.html?_fsrp=1&Material=Tempered%2520Glass&_ipg=200","3D Full Cover Tempered Glass Screen Protector For Sony Xperia X / XZ / XA1 Ultra","$2.98","https://ir.ebaystatic.com/cr/v/c1/s_1x2.gif"
"1536624121-827","https://www.ebay.com/sch/Tempered-Glass-Screen-Protectors-for-Cell-Phone/58540/i.html?_fsrp=1&Material=Tempered%2520Glass&_ipg=200","HD Full Cover Tempered Glass Screen Protector for Samsung Galaxy S8/S9+ Note 8/9","$2.59","https://ir.ebaystatic.com/cr/v/c1/s_1x2.gif"
"1536624121-896","https://www.ebay.com/sch/Tempered-Glass-Screen-Protectors-for-Cell-Phone/58540/i.html?_fsrp=1&Material=Tempered%2520Glass&_ipg=200","Tempered-Glass Film Screen Protector Cover for Samsung Galaxy S3/4/5/6 Note2 3 4","$0.85","https://ir.ebaystatic.com/cr/v/c1/s_1x2.gif"
"1536624121-979","https://www.ebay.com/sch/Tempered-Glass-Screen-Protectors-for-Cell-Phone/58540/i.html?_fsrp=1&Material=Tempered%2520Glass&_ipg=200","2Pcs 9H Premium Tempered Glass Screen Protector Cover Film For Lenovo Cell Phone","$1.98","https://ir.ebaystatic.com/cr/v/c1/s_1x2.gif"
"1536624121-829","https://www.ebay.com/sch/Tempered-Glass-Screen-Protectors-for-Cell-Phone/58540/i.html?_fsrp=1&Material=Tempered%2520Glass&_ipg=200","3D Full Coverage Blue Ray Tempered Glass Screen Protector For iphone 8 6s 7 Plus","$0.99","https://ir.ebaystatic.com/cr/v/c1/s_1x2.gif"
"1536624121-870","https://www.ebay.com/sch/Tempered-Glass-Screen-Protectors-for-Cell-Phone/58540/i.html?_fsrp=1&Material=Tempered%2520Glass&_ipg=200","3X For Xiaomi Mi Max 3 Redmi 6/6A 6 Pro Screen Protector Tempered Glass Saver","$2.59","https://ir.ebaystatic.com/cr/v/c1/s_1x2.gif"
"1536624121-871","https://www.ebay.com/sch/Tempered-Glass-Screen-Protectors-for-Cell-Phone/58540/i.html?_fsrp=1&Material=Tempered%2520Glass&_ipg=200","5D Curved Full Tempered Glass Film Screen Protector for Huawei Mate 10/P10 Lite","$2.35","https://ir.ebaystatic.com/cr/v/c1/s_1x2.gif"
"1536624121-884","https://www.ebay.com/sch/Tempered-Glass-Screen-Protectors-for-Cell-Phone/58540/i.html?_fsrp=1&Material=Tempered%2520Glass&_ipg=200","For iPhone 8 Plus Screen Protector 3D Mirror Effect 9H Temper Glass Film Guard","$2.56","https://ir.ebaystatic.com/cr/v/c1/s_1x2.gif"
"1536624121-974","https://www.ebay.com/sch/Tempered-Glass-Screen-Protectors-for-Cell-Phone/58540/i.html?_fsrp=1&Material=Tempered%2520Glass&_ipg=200","For Alcatel 1C 1X 3 3C 3V 3X 5 5086 5058 4PCS Screen Tempered Glass Protector","$3.14","https://ir.ebaystatic.com/cr/v/c1/s_1x2.gif"
"1536624121-964","https://www.ebay.com/sch/Tempered-Glass-Screen-Protectors-for-Cell-Phone/58540/i.html?_fsrp=1&Material=Tempered%2520Glass&_ipg=200","FOR [LG V30 / V30 PLUS] PHONE | FULL COVERAGE TEMPERED GLASS SCREEN PROTECTOR","$2.58","https://ir.ebaystatic.com/cr/v/c1/s_1x2.gif"
"1536624121-817","https://www.ebay.com/sch/Tempered-Glass-Screen-Protectors-for-Cell-Phone/58540/i.html?_fsrp=1&Material=Tempered%2520Glass&_ipg=200","3D Full Cover Tempered Glass Screen Protector For Samsung Galaxy Note 8 Note 9","$2.98","https://ir.ebaystatic.com/cr/v/c1/s_1x2.gif"
"1536624121-905","https://www.ebay.com/sch/Tempered-Glass-Screen-Protectors-for-Cell-Phone/58540/i.html?_fsrp=1&Material=Tempered%2520Glass&_ipg=200","For Samsung Galaxy Note 8 /S8 S8 Plus Accessory Tempered Glass Screen Protector","$1.89","https://ir.ebaystatic.com/cr/v/c1/s_1x2.gif"
"1536624121-855","https://www.ebay.com/sch/Tempered-Glass-Screen-Protectors-for-Cell-Phone/58540/i.html?_fsrp=1&Material=Tempered%2520Glass&_ipg=200","Case Friendly Tempered Glass Screen Protector Full Cover For Samsung Galaxy S8","$5.12","https://ir.ebaystatic.com/cr/v/c1/s_1x2.gif"
"1536624121-856","https://www.ebay.com/sch/Tempered-Glass-Screen-Protectors-for-Cell-Phone/58540/i.html?_fsrp=1&Material=Tempered%2520Glass&_ipg=200","Clear Full Curved 3D Tempered Glass Screen Protector For Samsung Galaxy S7 Edge","$7.71","https://ir.ebaystatic.com/cr/v/c1/s_1x2.gif"
"1536624121-860","https://www.ebay.com/sch/Tempered-Glass-Screen-Protectors-for-Cell-Phone/58540/i.html?_fsrp=1&Material=Tempered%2520Glass&_ipg=200","6X Tempered Glass Protective Screen Protector Film for iPhone 10 X 6S/7/8 Plus","$3.23","https://ir.ebaystatic.com/cr/v/c1/s_1x2.gif"
"1536624121-852","https://www.ebay.com/sch/Tempered-Glass-Screen-Protectors-for-Cell-Phone/58540/i.html?_fsrp=1&Material=Tempered%2520Glass&_ipg=200","2x Full Cover 3D Tempered Glass Screen Protector For Xiaomi Redmi Note 5/ 5 Pro","$2.16","https://ir.ebaystatic.com/cr/v/c1/s_1x2.gif"
"1536624121-786","https://www.ebay.com/sch/Tempered-Glass-Screen-Protectors-for-Cell-Phone/58540/i.html?_fsrp=1&Material=Tempered%2520Glass&_ipg=200","For Samsung Galaxy S7/S7 Edge Screen Protector Tempered Glass Protective Acces","$2.52","https://i.ebayimg.com/thumbs/images/m/mTMYIlmplvfTJoQ6m7kvNsA/s-l225.jpg"
"1536624121-800","https://www.ebay.com/sch/Tempered-Glass-Screen-Protectors-for-Cell-Phone/58540/i.html?_fsrp=1&Material=Tempered%2520Glass&_ipg=200","5D Curved Full Tempered Glass Film Screen Protector for Huawei Mate 10/P10 Lite","$3.32","https://ir.ebaystatic.com/cr/v/c1/s_1x2.gif"
"1536624121-962","https://www.ebay.com/sch/Tempered-Glass-Screen-Protectors-for-Cell-Phone/58540/i.html?_fsrp=1&Material=Tempered%2520Glass&_ipg=200","2X 9H Tempered Glass Screen Protector Cover Film For OnePlus 1+ 2 3 3T 5 5T 6","$1.49","https://ir.ebaystatic.com/cr/v/c1/s_1x2.gif"
"1536624121-815","https://www.ebay.com/sch/Tempered-Glass-Screen-Protectors-for-Cell-Phone/58540/i.html?_fsrp=1&Material=Tempered%2520Glass&_ipg=200","Full Cover Tempered Glass For Huawei P8 P9 P10 Lite Plus Screen Protector Film","$1.99","https://ir.ebaystatic.com/cr/v/c1/s_1x2.gif"
"1536624121-838","https://www.ebay.com/sch/Tempered-Glass-Screen-Protectors-for-Cell-Phone/58540/i.html?_fsrp=1&Material=Tempered%2520Glass&_ipg=200","HIGH QUALITY PREMIUM REAL TEMPERED GLASS SCREEN PROTECTOR FOR IPHONE 5S 5C 5 SE","$1.39","https://ir.ebaystatic.com/cr/v/c1/s_1x2.gif"
"1536624121-944","https://www.ebay.com/sch/Tempered-Glass-Screen-Protectors-for-Cell-Phone/58540/i.html?_fsrp=1&Material=Tempered%2520Glass&_ipg=200","For Apple iPhone 5/5C5S Tempered Glass Film Screen Cover Protector","$0.88","https://ir.ebaystatic.com/cr/v/c1/s_1x2.gif"
"1536624121-877","https://www.ebay.com/sch/Tempered-Glass-Screen-Protectors-for-Cell-Phone/58540/i.html?_fsrp=1&Material=Tempered%2520Glass&_ipg=200","Full Cover Tempered Glass Screen Protective For IPhone 5/6/7/8 Plus/X Accessory","$0.99","https://ir.ebaystatic.com/cr/v/c1/s_1x2.gif"
"1536624121-796","https://www.ebay.com/sch/Tempered-Glass-Screen-Protectors-for-Cell-Phone/58540/i.html?_fsrp=1&Material=Tempered%2520Glass&_ipg=200","Real Tempered Glass Screen Protector Guard For Samsung Galaxy S9/S8/Plus/Note 9","$6.98","https://ir.ebaystatic.com/cr/v/c1/s_1x2.gif"
"1536624121-935","https://www.ebay.com/sch/Tempered-Glass-Screen-Protectors-for-Cell-Phone/58540/i.html?_fsrp=1&Material=Tempered%2520Glass&_ipg=200","Gorilla Tempered Glass Screen Protector for Samsung Galaxy S5 S6 S7 J1 J2 J3 J5","$2.38","https://ir.ebaystatic.com/cr/v/c1/s_1x2.gif"
"1536624121-802","https://www.ebay.com/sch/Tempered-Glass-Screen-Protectors-for-Cell-Phone/58540/i.html?_fsrp=1&Material=Tempered%2520Glass&_ipg=200","Full Glue Adhesive 6D Tempered Glass For Samsung Galaxy S9 / S9 Plus / Note 8/9","$2.89","https://ir.ebaystatic.com/cr/v/c1/s_1x2.gif"
"1536624121-888","https://www.ebay.com/sch/Tempered-Glass-Screen-Protectors-for-Cell-Phone/58540/i.html?_fsrp=1&Material=Tempered%2520Glass&_ipg=200","Full Coverage 3D Premium Tempered Glass Screen Protector For iphone 6 6S 7 Plus","$1.43","https://ir.ebaystatic.com/cr/v/c1/s_1x2.gif"
"1536624121-960","https://www.ebay.com/sch/Tempered-Glass-Screen-Protectors-for-Cell-Phone/58540/i.html?_fsrp=1&Material=Tempered%2520Glass&_ipg=200","4Pcs Premium Real Screen Protector Tempered Glass Film For iPhone SE 6s 7 8 Plus","$2.35","https://ir.ebaystatic.com/cr/v/c1/s_1x2.gif"
"1536624121-955","https://www.ebay.com/sch/Tempered-Glass-Screen-Protectors-for-Cell-Phone/58540/i.html?_fsrp=1&Material=Tempered%2520Glass&_ipg=200","Tempered Glass Screen Protector case For Blackview BV6000 S BV7000 pro BV8000 A7","$2.64","https://ir.ebaystatic.com/cr/v/c1/s_1x2.gif"
"1536624121-943","https://www.ebay.com/sch/Tempered-Glass-Screen-Protectors-for-Cell-Phone/58540/i.html?_fsrp=1&Material=Tempered%2520Glass&_ipg=200","1PC 6D Full Screen Cover Glass Protective Film For iphone 6/6P/7/8/8P/X Tools","$2.09","https://ir.ebaystatic.com/cr/v/c1/s_1x2.gif"
"1536624121-887","https://www.ebay.com/sch/Tempered-Glass-Screen-Protectors-for-Cell-Phone/58540/i.html?_fsrp=1&Material=Tempered%2520Glass&_ipg=200","For Xiaomi Redmi Note 5 Pro/5A/5 Plus/4 Pro Tempered Glass Screen Protector 9H","$1.55","https://ir.ebaystatic.com/cr/v/c1/s_1x2.gif"
"1536624121-863","https://www.ebay.com/sch/Tempered-Glass-Screen-Protectors-for-Cell-Phone/58540/i.html?_fsrp=1&Material=Tempered%2520Glass&_ipg=200","Premium Real Tempered Glass Screen Protector Film For iPhone 6/6s & X 7/8 8 Plus","$1.89","https://ir.ebaystatic.com/cr/v/c1/s_1x2.gif"
"1536624121-810","https://www.ebay.com/sch/Tempered-Glass-Screen-Protectors-for-Cell-Phone/58540/i.html?_fsrp=1&Material=Tempered%2520Glass&_ipg=200","2X 9H Premium Tempered Glass Film Screen Protector Cover For Xiaomi Mi A1 / 5X","$2.07","https://ir.ebaystatic.com/cr/v/c1/s_1x2.gif"
"1536624121-903","https://www.ebay.com/sch/Tempered-Glass-Screen-Protectors-for-Cell-Phone/58540/i.html?_fsrp=1&Material=Tempered%2520Glass&_ipg=200","2Pcs 9H+ Tempered Glass Screen Protector For Samsung Galaxy A3 A5 A7 2016 / 2017","$1.82","https://ir.ebaystatic.com/cr/v/c1/s_1x2.gif"
"1536624121-889","https://www.ebay.com/sch/Tempered-Glass-Screen-Protectors-for-Cell-Phone/58540/i.html?_fsrp=1&Material=Tempered%2520Glass&_ipg=200","Premium Tempered Glass Screen Protector Cover Guard For Apple iPhone6S /6 4.7""","$0.99","https://ir.ebaystatic.com/cr/v/c1/s_1x2.gif"
"1536624121-975","https://www.ebay.com/sch/Tempered-Glass-Screen-Protectors-for-Cell-Phone/58540/i.html?_fsrp=1&Material=Tempered%2520Glass&_ipg=200","5D Curved Full Cover Tempered Glass Screen Protect Film For iPhone X 8 6s 7 Plus","$2.99","https://ir.ebaystatic.com/cr/v/c1/s_1x2.gif"
"1536624121-879","https://www.ebay.com/sch/Tempered-Glass-Screen-Protectors-for-Cell-Phone/58540/i.html?_fsrp=1&Material=Tempered%2520Glass&_ipg=200","2Pcs 9H Tempered Glass Screen Protector Cover Film For Huawei Honor 6X 7 8 9 10","$1.95","https://ir.ebaystatic.com/cr/v/c1/s_1x2.gif"
"1536624121-959","https://www.ebay.com/sch/Tempered-Glass-Screen-Protectors-for-Cell-Phone/58540/i.html?_fsrp=1&Material=Tempered%2520Glass&_ipg=200","Case Friendly Tempered Glass Screen Protector Full Cover Samsung Galaxy S9 Plus","$5.12","https://ir.ebaystatic.com/cr/v/c1/s_1x2.gif"
"1536624121-845","https://www.ebay.com/sch/Tempered-Glass-Screen-Protectors-for-Cell-Phone/58540/i.html?_fsrp=1&Material=Tempered%2520Glass&_ipg=200","2X Tempered Glass Screen Protector For Xiaomi 8 5X 6X Redmi 5 6 6A S2 Note 5A 4X","$1.78","https://ir.ebaystatic.com/cr/v/c1/s_1x2.gif"
"1536624121-849","https://www.ebay.com/sch/Tempered-Glass-Screen-Protectors-for-Cell-Phone/58540/i.html?_fsrp=1&Material=Tempered%2520Glass&_ipg=200","5X Tempered Glass Screen Protector Film fr Samsung Galaxy J3 J5 J7 Pro 2017 Lot","$2.77","https://ir.ebaystatic.com/cr/v/c1/s_1x2.gif"
"1536624121-831","https://www.ebay.com/sch/Tempered-Glass-Screen-Protectors-for-Cell-Phone/58540/i.html?_fsrp=1&Material=Tempered%2520Glass&_ipg=200","Tempered Glass Full Screen Protector Protective Film For Samsung Galaxy S8 Plus","$3.29","https://ir.ebaystatic.com/cr/v/c1/s_1x2.gif"
"1536624121-929","https://www.ebay.com/sch/Tempered-Glass-Screen-Protectors-for-Cell-Phone/58540/i.html?_fsrp=1&Material=Tempered%2520Glass&_ipg=200","3X For Samsung Galaxy A6 A8 A6Plus A8Plus  Tempered Glass Film Screen Protector","$2.27","https://ir.ebaystatic.com/cr/v/c1/s_1x2.gif"
"1536624121-926","https://www.ebay.com/sch/Tempered-Glass-Screen-Protectors-for-Cell-Phone/58540/i.html?_fsrp=1&Material=Tempered%2520Glass&_ipg=200","Premium 9H Tempered Glass Screen Protect Waterproof Cover Case For Nokia 8 3 5 6","$1.11","https://ir.ebaystatic.com/cr/v/c1/s_1x2.gif"
"1536624121-846","https://www.ebay.com/sch/Tempered-Glass-Screen-Protectors-for-Cell-Phone/58540/i.html?_fsrp=1&Material=Tempered%2520Glass&_ipg=200","6D Tempered Glass Full Cover Edge Screen Protector Film For iPhone X 7 8 6 Plus","$1.92","https://ir.ebaystatic.com/cr/v/c1/s_1x2.gif"
"1536624121-912","https://www.ebay.com/sch/Tempered-Glass-Screen-Protectors-for-Cell-Phone/58540/i.html?_fsrp=1&Material=Tempered%2520Glass&_ipg=200","2X Tempered Glass Screen Protector For Huawei P20 P10 P9 P8 Lite 2017 Mate 10 9","$1.78","https://ir.ebaystatic.com/cr/v/c1/s_1x2.gif"
"1536624121-820","https://www.ebay.com/sch/Tempered-Glass-Screen-Protectors-for-Cell-Phone/58540/i.html?_fsrp=1&Material=Tempered%2520Glass&_ipg=200","For XiaoMi 5 Redmi 4 / 4A / 4X  Premium Tempered Glass Film Screen Protector New","$1.03","https://ir.ebaystatic.com/cr/v/c1/s_1x2.gif"
"1536624121-895","https://www.ebay.com/sch/Tempered-Glass-Screen-Protectors-for-Cell-Phone/58540/i.html?_fsrp=1&Material=Tempered%2520Glass&_ipg=200","6D Screen Protector For Samsung Galaxy S8 S9 Plus Note 8 Best 9H Tempered Glass","$1.85","https://ir.ebaystatic.com/cr/v/c1/s_1x2.gif"
"1536624121-915","https://www.ebay.com/sch/Tempered-Glass-Screen-Protectors-for-Cell-Phone/58540/i.html?_fsrp=1&Material=Tempered%2520Glass&_ipg=200","For LG G3 G4 9H Premium Ultra Thin Slim Tempered Glass Screen Protector Film","$1.05","https://ir.ebaystatic.com/cr/v/c1/s_1x2.gif"
"1536624121-789","https://www.ebay.com/sch/Tempered-Glass-Screen-Protectors-for-Cell-Phone/58540/i.html?_fsrp=1&Material=Tempered%2520Glass&_ipg=200","For Samsung Galaxy S9 Plus Front+Back Tempered Glass Screen Protector Real Cover","$2.12","https://ir.ebaystatic.com/cr/v/c1/s_1x2.gif"
"1536624121-892","https://www.ebay.com/sch/Tempered-Glass-Screen-Protectors-for-Cell-Phone/58540/i.html?_fsrp=1&Material=Tempered%2520Glass&_ipg=200","Full Coverage Tempered Glass Screen Protector For Samsung Galaxy A6 / A8+ 2018","$1.28","https://ir.ebaystatic.com/cr/v/c1/s_1x2.gif"
"1536624121-961","https://www.ebay.com/sch/Tempered-Glass-Screen-Protectors-for-Cell-Phone/58540/i.html?_fsrp=1&Material=Tempered%2520Glass&_ipg=200","5D Curved Full Coverage Tempered Glass Screen Protector Film For OnePlus 6 5T 5","$1.78","https://ir.ebaystatic.com/cr/v/c1/s_1x2.gif"
"1536624121-814","https://www.ebay.com/sch/Tempered-Glass-Screen-Protectors-for-Cell-Phone/58540/i.html?_fsrp=1&Material=Tempered%2520Glass&_ipg=200","Galaxy S8 S9+ Plus 3D Case Friendly Tempered Glass Screen Protector for Samsung","$2.19","https://ir.ebaystatic.com/cr/v/c1/s_1x2.gif"
"1536624121-885","https://www.ebay.com/sch/Tempered-Glass-Screen-Protectors-for-Cell-Phone/58540/i.html?_fsrp=1&Material=Tempered%2520Glass&_ipg=200","Universal 9H Tempered Glass Screen Protector Cover Film 4.5/4.7/5/5.3/5.5 Inch","$2.20","https://ir.ebaystatic.com/cr/v/c1/s_1x2.gif"
"1536624121-931","https://www.ebay.com/sch/Tempered-Glass-Screen-Protectors-for-Cell-Phone/58540/i.html?_fsrp=1&Material=Tempered%2520Glass&_ipg=200","Full Tempered Glass Screen Protector for Xiaomi Redmi Note 4 4X Global Version","$1.33","https://ir.ebaystatic.com/cr/v/c1/s_1x2.gif"
"1536624121-847","https://www.ebay.com/sch/Tempered-Glass-Screen-Protectors-for-Cell-Phone/58540/i.html?_fsrp=1&Material=Tempered%2520Glass&_ipg=200","3 Pack Premium Tempered Glass Screen Protector for SAMSUNG Galaxy Note 3 4 5 9H","$2.65","https://ir.ebaystatic.com/cr/v/c1/s_1x2.gif"
"1536624121-938","https://www.ebay.com/sch/Tempered-Glass-Screen-Protectors-for-Cell-Phone/58540/i.html?_fsrp=1&Material=Tempered%2520Glass&_ipg=200","2X 9H Tempered Glass Film Screen Protector For Sony Xperia XA1 XA2 Ultra XZ1 XZ2","$1.89","https://ir.ebaystatic.com/cr/v/c1/s_1x2.gif"
"1536624121-921","https://www.ebay.com/sch/Tempered-Glass-Screen-Protectors-for-Cell-Phone/58540/i.html?_fsrp=1&Material=Tempered%2520Glass&_ipg=200","2 PACKS For Apple Watch ( Series 3 ) 38mm/42mm Tempered Glass Screen Protector","$0.99","https://ir.ebaystatic.com/cr/v/c1/s_1x2.gif"
"1536624121-910","https://www.ebay.com/sch/Tempered-Glass-Screen-Protectors-for-Cell-Phone/58540/i.html?_fsrp=1&Material=Tempered%2520Glass&_ipg=200","3D Full Cover Tempered Glass Screen Protector For Sony Xperia XZ2  XA2 XA1 Ultra","$2.59","https://ir.ebaystatic.com/cr/v/c1/s_1x2.gif"
"1536624121-868","https://www.ebay.com/sch/Tempered-Glass-Screen-Protectors-for-Cell-Phone/58540/i.html?_fsrp=1&Material=Tempered%2520Glass&_ipg=200","2Pcs 9H Tempered Glass Screen Protector For Huawei P9 Plus / P9 Lite Mini 2017","$1.82","https://ir.ebaystatic.com/cr/v/c1/s_1x2.gif"
"1536624121-793","https://www.ebay.com/sch/Tempered-Glass-Screen-Protectors-for-Cell-Phone/58540/i.html?_fsrp=1&Material=Tempered%2520Glass&_ipg=200","Privacy Anti-Spy Tempered Glass Screen Protector Shield for iPhone X 7 8 Plus 6S","$1.99","https://ir.ebaystatic.com/cr/v/c1/s_1x2.gif"
"1536624121-842","https://www.ebay.com/sch/Tempered-Glass-Screen-Protectors-for-Cell-Phone/58540/i.html?_fsrp=1&Material=Tempered%2520Glass&_ipg=200","5X Tempered Glass Screen Protector Film For Samsung Galaxy J7 J5 J3 A5 A7 S7 S6","$3.39","https://ir.ebaystatic.com/cr/v/c1/s_1x2.gif"
"1536624121-858","https://www.ebay.com/sch/Tempered-Glass-Screen-Protectors-for-Cell-Phone/58540/i.html?_fsrp=1&Material=Tempered%2520Glass&_ipg=200","Wholesale Tempered Glass Cover Screen Protect For Samsung Galaxy S7 S7 EDGE","$2.89","https://ir.ebaystatic.com/cr/v/c1/s_1x2.gif"
"1536624121-801","https://www.ebay.com/sch/Tempered-Glass-Screen-Protectors-for-Cell-Phone/58540/i.html?_fsrp=1&Material=Tempered%2520Glass&_ipg=200","3D/4D/5D Tempered Glass Curved Full Screen Protector For iPhone X 8 6s 7 Plus SE","$2.99","https://ir.ebaystatic.com/cr/v/c1/s_1x2.gif"
"1536624121-925","https://www.ebay.com/sch/Tempered-Glass-Screen-Protectors-for-Cell-Phone/58540/i.html?_fsrp=1&Material=Tempered%2520Glass&_ipg=200","For Meizu M6 Note M6S S6 Pro7 Plus 9H Full Cover Tempered Glass Screen Protector","$1.72","https://ir.ebaystatic.com/cr/v/c1/s_1x2.gif"
"1536624121-934","https://www.ebay.com/sch/Tempered-Glass-Screen-Protectors-for-Cell-Phone/58540/i.html?_fsrp=1&Material=Tempered%2520Glass&_ipg=200","Full Cover Tempered Glass Screen Protector For Huawei Honor 10 Y9 2018 7A 7X WS8","$1.35","https://ir.ebaystatic.com/cr/v/c1/s_1x2.gif"
"1536624121-908","https://www.ebay.com/sch/Tempered-Glass-Screen-Protectors-for-Cell-Phone/58540/i.html?_fsrp=1&Material=Tempered%2520Glass&_ipg=200","2Pcs 9H+ Premium Tempered Glass Clear Film Screen Protector For Xiaomi Mi Max 2","$2.68","https://ir.ebaystatic.com/cr/v/c1/s_1x2.gif"
"1536624121-834","https://www.ebay.com/sch/Tempered-Glass-Screen-Protectors-for-Cell-Phone/58540/i.html?_fsrp=1&Material=Tempered%2520Glass&_ipg=200","2x 9H Premium Thin Tempered Glass Screen Protector Film For OnePlus 1 2 3 3T 5 6","$1.49","https://ir.ebaystatic.com/cr/v/c1/s_1x2.gif"
"1536624121-807","https://www.ebay.com/sch/Tempered-Glass-Screen-Protectors-for-Cell-Phone/58540/i.html?_fsrp=1&Material=Tempered%2520Glass&_ipg=200","NILLKIN 9H/H+ PRO Tempered Glass Screen Protector Fr Huawei Mate 10 P10/20 Pro #","$5.37","https://ir.ebaystatic.com/cr/v/c1/s_1x2.gif"
"1536624121-843","https://www.ebay.com/sch/Tempered-Glass-Screen-Protectors-for-Cell-Phone/58540/i.html?_fsrp=1&Material=Tempered%2520Glass&_ipg=200","For Xiaomi Mi Note 3 Hardness 2.5D 9H Full Tempered Glass Screen Protecto Case","$2.78","https://ir.ebaystatic.com/cr/v/c1/s_1x2.gif"
"1536624121-862","https://www.ebay.com/sch/Tempered-Glass-Screen-Protectors-for-Cell-Phone/58540/i.html?_fsrp=1&Material=Tempered%2520Glass&_ipg=200","2x Tempered Glass Protective Screen Protector Film for Samsung Galaxy J1 2 3 5 7","$1.59","https://ir.ebaystatic.com/cr/v/c1/s_1x2.gif"
"1536624121-970","https://www.ebay.com/sch/Tempered-Glass-Screen-Protectors-for-Cell-Phone/58540/i.html?_fsrp=1&Material=Tempered%2520Glass&_ipg=200","2x For Xiaomi Mi A1/Mi 5X 9H 3D Full Cover Tempered Glass Film Screen Protector","$2.97","https://ir.ebaystatic.com/cr/v/c1/s_1x2.gif"
"1536624121-784","https://www.ebay.com/sch/Tempered-Glass-Screen-Protectors-for-Cell-Phone/58540/i.html?_fsrp=1&Material=Tempered%2520Glass&_ipg=200","For Xiaomi Redmi Note 5 Pro/5S/5A 3D Full Cover Tempered Glass Screen Protector","$2.39","https://i.ebayimg.com/thumbs/images/m/mW02wRggU8jDFqS7uc5ulYw/s-l225.jpg"
"1536624121-791","https://www.ebay.com/sch/Tempered-Glass-Screen-Protectors-for-Cell-Phone/58540/i.html?_fsrp=1&Material=Tempered%2520Glass&_ipg=200","Full Cover Tempered Glass Screen Protector For Samsung Galaxy S7 Edge S9 S8 Plus","$2.23","https://ir.ebaystatic.com/cr/v/c1/s_1x2.gif"
"1536624121-866","https://www.ebay.com/sch/Tempered-Glass-Screen-Protectors-for-Cell-Phone/58540/i.html?_fsrp=1&Material=Tempered%2520Glass&_ipg=200","For OnePlus 6 Screen Protector Full Cover 9H Tempered Glass Screen Glass Film","$1.78","https://ir.ebaystatic.com/cr/v/c1/s_1x2.gif"
"1536624121-818","https://www.ebay.com/sch/Tempered-Glass-Screen-Protectors-for-Cell-Phone/58540/i.html?_fsrp=1&Material=Tempered%2520Glass&_ipg=200","Tempered Glass Protective Screen Protector Film for Samsung Galaxy S5 S6 S4 S7","$2.50","https://ir.ebaystatic.com/cr/v/c1/s_1x2.gif"
"1536624121-924","https://www.ebay.com/sch/Tempered-Glass-Screen-Protectors-for-Cell-Phone/58540/i.html?_fsrp=1&Material=Tempered%2520Glass&_ipg=200","1~5Pack Tempered Glass Screen Protector Film Protection for One Plus 6 5T/5 3/3T","$2.64","https://ir.ebaystatic.com/cr/v/c1/s_1x2.gif"
"1536624121-876","https://www.ebay.com/sch/Tempered-Glass-Screen-Protectors-for-Cell-Phone/58540/i.html?_fsrp=1&Material=Tempered%2520Glass&_ipg=200","For iPhone 6 7 8 X Plus Coverage Tempered Glass Screen Protector/Transparent","$1.09","https://ir.ebaystatic.com/cr/v/c1/s_1x2.gif"
"1536624121-832","https://www.ebay.com/sch/Tempered-Glass-Screen-Protectors-for-Cell-Phone/58540/i.html?_fsrp=1&Material=Tempered%2520Glass&_ipg=200","2 Pack Real Tempered Glass Screen Protector Cover for Huawei P8/P9/P10 Plus/Lite","$1.89","https://ir.ebaystatic.com/cr/v/c1/s_1x2.gif"
"1536624121-901","https://www.ebay.com/sch/Tempered-Glass-Screen-Protectors-for-Cell-Phone/58540/i.html?_fsrp=1&Material=Tempered%2520Glass&_ipg=200","6D Screen Protector Samsung Galaxy S8 S9 Plus Note 8 Adhesive 9H Tempered Glass","$2.58","https://ir.ebaystatic.com/cr/v/c1/s_1x2.gif"
"1536624121-976","https://www.ebay.com/sch/Tempered-Glass-Screen-Protectors-for-Cell-Phone/58540/i.html?_fsrp=1&Material=Tempered%2520Glass&_ipg=200","For Motorola Moto G4 G5 G6 G5S Plus Premium HD [Tempered Glass] Screen Protector","$0.75","https://ir.ebaystatic.com/cr/v/c1/s_1x2.gif"
"1536624121-916","https://www.ebay.com/sch/Tempered-Glass-Screen-Protectors-for-Cell-Phone/58540/i.html?_fsrp=1&Material=Tempered%2520Glass&_ipg=200","2pcs Tempered Glass For CAT S60 Screen Protector Film 9H Protective Glass","$3.79","https://ir.ebaystatic.com/cr/v/c1/s_1x2.gif"
"1536624121-825","https://www.ebay.com/sch/Tempered-Glass-Screen-Protectors-for-Cell-Phone/58540/i.html?_fsrp=1&Material=Tempered%2520Glass&_ipg=200","For Samsung Galaxy S7 / S7 Edge Accessory Tempered Glass Film Screen Protector","$2.27","https://ir.ebaystatic.com/cr/v/c1/s_1x2.gif"
"1536624121-923","https://www.ebay.com/sch/Tempered-Glass-Screen-Protectors-for-Cell-Phone/58540/i.html?_fsrp=1&Material=Tempered%2520Glass&_ipg=200","For Xiaomi 8 / Mi8 SE 3D Full Cover Tempered Glass Curved Screen Protector","$1.28","https://ir.ebaystatic.com/cr/v/c1/s_1x2.gif"
"1536624121-792","https://www.ebay.com/sch/Tempered-Glass-Screen-Protectors-for-Cell-Phone/58540/i.html?_fsrp=1&Material=Tempered%2520Glass&_ipg=200","5D Curved Full Tempered Glass Film Screen Protector for Samsung Galaxy S9 / S9+","$2.29","https://ir.ebaystatic.com/cr/v/c1/s_1x2.gif"
"1536624121-927","https://www.ebay.com/sch/Tempered-Glass-Screen-Protectors-for-Cell-Phone/58540/i.html?_fsrp=1&Material=Tempered%2520Glass&_ipg=200","9H Anti-Glare Matte Temper Glass Film Screen Protector Cover for iPhone 7 6s 5s","$2.37","https://ir.ebaystatic.com/cr/v/c1/s_1x2.gif"
"1536624121-857","https://www.ebay.com/sch/Tempered-Glass-Screen-Protectors-for-Cell-Phone/58540/i.html?_fsrp=1&Material=Tempered%2520Glass&_ipg=200","Full Curved Tempered Glass Screen Protector For Xiaomi Mi A2 Lite Redmi 6A 6 Pro","$2.19","https://ir.ebaystatic.com/cr/v/c1/s_1x2.gif"
"1536624121-949","https://www.ebay.com/sch/Tempered-Glass-Screen-Protectors-for-Cell-Phone/58540/i.html?_fsrp=1&Material=Tempered%2520Glass&_ipg=200","5D Curved Temper Glass Film Screen Protector for Samsung Galaxy A5/A7/A8 J7 J5","$2.11","https://ir.ebaystatic.com/cr/v/c1/s_1x2.gif"
"1536624121-874","https://www.ebay.com/sch/Tempered-Glass-Screen-Protectors-for-Cell-Phone/58540/i.html?_fsrp=1&Material=Tempered%2520Glass&_ipg=200","For OnePlus 6 5T  2.5D Back Camera Lens Tempered Glass Screen Protector Film","$1.51","https://ir.ebaystatic.com/cr/v/c1/s_1x2.gif"
"1536624121-947","https://www.ebay.com/sch/Tempered-Glass-Screen-Protectors-for-Cell-Phone/58540/i.html?_fsrp=1&Material=Tempered%2520Glass&_ipg=200","Tempered Glass For Nokia 2.1,3.1,5.1,6.1 X5 X6 2018  Phone Screen Protector Film","$1.52","https://ir.ebaystatic.com/cr/v/c1/s_1x2.gif"
"1536624121-851","https://www.ebay.com/sch/Tempered-Glass-Screen-Protectors-for-Cell-Phone/58540/i.html?_fsrp=1&Material=Tempered%2520Glass&_ipg=200","Tempered Glass Film Protect 9H For XiaoMi Redmi 4A 3S 3 Note 3 Pro 2 Mi3 Mi4 Mi5","$1.29","https://ir.ebaystatic.com/cr/v/c1/s_1x2.gif"
"1536624121-900","https://www.ebay.com/sch/Tempered-Glass-Screen-Protectors-for-Cell-Phone/58540/i.html?_fsrp=1&Material=Tempered%2520Glass&_ipg=200","6X Tempered Glass Protective Screen Protector Film for iPhone 10 X 6S/7/8 + lot","$3.10","https://ir.ebaystatic.com/cr/v/c1/s_1x2.gif"
"1536624121-841","https://www.ebay.com/sch/Tempered-Glass-Screen-Protectors-for-Cell-Phone/58540/i.html?_fsrp=1&Material=Tempered%2520Glass&_ipg=200","9H 5D Curved Full Screen Protector Tempered Glass for Huawei Mate10 Lite P10","$2.49","https://ir.ebaystatic.com/cr/v/c1/s_1x2.gif"
"1536624121-891","https://www.ebay.com/sch/Tempered-Glass-Screen-Protectors-for-Cell-Phone/58540/i.html?_fsrp=1&Material=Tempered%2520Glass&_ipg=200","2Pcs 9H Tempered Glass Screen Protector Film Cover For Nokia 2 3 5 6 8 2017/2018","$1.96","https://ir.ebaystatic.com/cr/v/c1/s_1x2.gif"
"1536624121-968","https://www.ebay.com/sch/Tempered-Glass-Screen-Protectors-for-Cell-Phone/58540/i.html?_fsrp=1&Material=Tempered%2520Glass&_ipg=200","5 PCS For OnePlus 6 5 5T 3 3T Full Coverage Tempered Glass Screen Protector Film","$2.51","https://ir.ebaystatic.com/cr/v/c1/s_1x2.gif"
"1536624121-805","https://www.ebay.com/sch/Tempered-Glass-Screen-Protectors-for-Cell-Phone/58540/i.html?_fsrp=1&Material=Tempered%2520Glass&_ipg=200","For Samsung Galaxy Note 9 Curved  3D Full Cover Tempered Glass Screen Protector","$2.27","https://ir.ebaystatic.com/cr/v/c1/s_1x2.gif"
"1536624121-823","https://www.ebay.com/sch/Tempered-Glass-Screen-Protectors-for-Cell-Phone/58540/i.html?_fsrp=1&Material=Tempered%2520Glass&_ipg=200","5Pcs Tempered Glass Screen Protector For Samsung Galaxy A3 A5 A7 2017 A6 A8 2018","$2.28","https://ir.ebaystatic.com/cr/v/c1/s_1x2.gif"
"1536624121-952","https://www.ebay.com/sch/Tempered-Glass-Screen-Protectors-for-Cell-Phone/58540/i.html?_fsrp=1&Material=Tempered%2520Glass&_ipg=200","Screen Protector Tempered Glass Film For Nokia 8 7 Plus 6 2 1 550 532 520 525 H1","$1.21","https://ir.ebaystatic.com/cr/v/c1/s_1x2.gif"
"1536624121-909","https://www.ebay.com/sch/Tempered-Glass-Screen-Protectors-for-Cell-Phone/58540/i.html?_fsrp=1&Material=Tempered%2520Glass&_ipg=200","8Pcs Premium Screen Protector Real Tempered Glass Film for iPhone X 8 8+ 7 6 6s+","$1.79","https://ir.ebaystatic.com/cr/v/c1/s_1x2.gif"
"1536624121-809","https://www.ebay.com/sch/Tempered-Glass-Screen-Protectors-for-Cell-Phone/58540/i.html?_fsrp=1&Material=Tempered%2520Glass&_ipg=200","2X Tempered Glass 9H Film Screen Protector Cover For Samsung Galaxy J3 J5 J7 Pro","$1.89","https://ir.ebaystatic.com/cr/v/c1/s_1x2.gif"
"1536624121-939","https://www.ebay.com/sch/Tempered-Glass-Screen-Protectors-for-Cell-Phone/58540/i.html?_fsrp=1&Material=Tempered%2520Glass&_ipg=200","9H Full Cover Curved Tempered Glass Screen Protector Film For Samsung Galaxy S7","$1.98","https://ir.ebaystatic.com/cr/v/c1/s_1x2.gif"
"1536624121-973","https://www.ebay.com/sch/Tempered-Glass-Screen-Protectors-for-Cell-Phone/58540/i.html?_fsrp=1&Material=Tempered%2520Glass&_ipg=200","Crystal CLear Tempered Glass Screen Protector Samsung Galaxy Note 8 S7/S8 Edge+","$1.88","https://ir.ebaystatic.com/cr/v/c1/s_1x2.gif"
"1536624121-902","https://www.ebay.com/sch/Tempered-Glass-Screen-Protectors-for-Cell-Phone/58540/i.html?_fsrp=1&Material=Tempered%2520Glass&_ipg=200","2X Tempered Glass Screen Protector For Samsung Galaxy J2 J3 J5 J7 Pro J4 J6 J8","$1.83","https://ir.ebaystatic.com/cr/v/c1/s_1x2.gif"
"1536624121-904","https://www.ebay.com/sch/Tempered-Glass-Screen-Protectors-for-Cell-Phone/58540/i.html?_fsrp=1&Material=Tempered%2520Glass&_ipg=200","6D Full Curved Tempered Glass For Xiaomi Redmi Note 5 Pro 6A 6 Screen Protector","$2.39","https://ir.ebaystatic.com/cr/v/c1/s_1x2.gif"
"1536624121-882","https://www.ebay.com/sch/Tempered-Glass-Screen-Protectors-for-Cell-Phone/58540/i.html?_fsrp=1&Material=Tempered%2520Glass&_ipg=200","2X PREMIUM BALLISTIC TEMPERED GORILLA GLASS SCREEN PROTECTOR FOR LG G3 G4 G5 G6","$1.44","https://ir.ebaystatic.com/cr/v/c1/s_1x2.gif"
"1536624121-930","https://www.ebay.com/sch/Tempered-Glass-Screen-Protectors-for-Cell-Phone/58540/i.html?_fsrp=1&Material=Tempered%2520Glass&_ipg=200","Tempered Glass Screen Protector For Samsung Galaxy J4 J6 J8  A9 A6  A6 Plus 2018","$1.52","https://ir.ebaystatic.com/cr/v/c1/s_1x2.gif"
"1536624121-881","https://www.ebay.com/sch/Tempered-Glass-Screen-Protectors-for-Cell-Phone/58540/i.html?_fsrp=1&Material=Tempered%2520Glass&_ipg=200","5X Tempered Glass Screen Protector Film for Samsung Galaxy J3 J5 J7 Pro 2017 K6","$2.85","https://ir.ebaystatic.com/cr/v/c1/s_1x2.gif"
"1536624121-826","https://www.ebay.com/sch/Tempered-Glass-Screen-Protectors-for-Cell-Phone/58540/i.html?_fsrp=1&Material=Tempered%2520Glass&_ipg=200","3pcs Tempered Glass Protective Screen Protector For Xiaomi Redmi Note 4 4X A1 @","$2.13","https://ir.ebaystatic.com/cr/v/c1/s_1x2.gif"
"1536624121-946","https://www.ebay.com/sch/Tempered-Glass-Screen-Protectors-for-Cell-Phone/58540/i.html?_fsrp=1&Material=Tempered%2520Glass&_ipg=200","2X Tempered Glass Film Screen Protector For Huawei P8/P9/P10Plus/Lite Honor 8 9","$1.82","https://ir.ebaystatic.com/cr/v/c1/s_1x2.gif"
"1536624121-808","https://www.ebay.com/sch/Tempered-Glass-Screen-Protectors-for-Cell-Phone/58540/i.html?_fsrp=1&Material=Tempered%2520Glass&_ipg=200","For Apple iPhone 7 8 Plus - 5D Full Cover Curved Tempered Glass Screen Protector","$2.42","https://ir.ebaystatic.com/cr/v/c1/s_1x2.gif"
"1536624121-913","https://www.ebay.com/sch/Tempered-Glass-Screen-Protectors-for-Cell-Phone/58540/i.html?_fsrp=1&Material=Tempered%2520Glass&_ipg=200","100% Genuine Tempered Glass Film Screen Protector Protective  For LG Q6 K10 V30","$3.59","https://ir.ebaystatic.com/cr/v/c1/s_1x2.gif"
"1536624121-966","https://www.ebay.com/sch/Tempered-Glass-Screen-Protectors-for-Cell-Phone/58540/i.html?_fsrp=1&Material=Tempered%2520Glass&_ipg=200","2Pcs 9H Premium Tempered Glass Film Screen Protector For Google Nexus 6P & 5X","$1.98","https://ir.ebaystatic.com/cr/v/c1/s_1x2.gif"
"1536624121-945","https://www.ebay.com/sch/Tempered-Glass-Screen-Protectors-for-Cell-Phone/58540/i.html?_fsrp=1&Material=Tempered%2520Glass&_ipg=200","2X Screen Protector Tempered Glass Film For Huawei P Smart Mate 10 P20 Lite Pro","$1.96","https://ir.ebaystatic.com/cr/v/c1/s_1x2.gif"
"1536624121-867","https://www.ebay.com/sch/Tempered-Glass-Screen-Protectors-for-Cell-Phone/58540/i.html?_fsrp=1&Material=Tempered%2520Glass&_ipg=200","Samsung Galaxy Note 8/9 / S8 / S9 Plus Tempered Glass Screen Protector 3D Curved","$1.89","https://ir.ebaystatic.com/cr/v/c1/s_1x2.gif"
"1536624121-942","https://www.ebay.com/sch/Tempered-Glass-Screen-Protectors-for-Cell-Phone/58540/i.html?_fsrp=1&Material=Tempered%2520Glass&_ipg=200","4X Tempered Glass Screen Protector For HTC Desire 10 12 12+ Plus Pro Lifestyle","$2.81","https://ir.ebaystatic.com/cr/v/c1/s_1x2.gif"
"1536624121-865","https://www.ebay.com/sch/Tempered-Glass-Screen-Protectors-for-Cell-Phone/58540/i.html?_fsrp=1&Material=Tempered%2520Glass&_ipg=200","For XiaoMi Redmi 5 Plus 6 S2 Note 5 Tempered glass Guard Screen Protect Film FU1","$1.21","https://ir.ebaystatic.com/cr/v/c1/s_1x2.gif"
"1536624121-906","https://www.ebay.com/sch/Tempered-Glass-Screen-Protectors-for-Cell-Phone/58540/i.html?_fsrp=1&Material=Tempered%2520Glass&_ipg=200","HD Tempered Glass Film For Huawei Mediapad T3 7"" 8"" 10"" Tablet Screen Protectors","$3.99","https://ir.ebaystatic.com/cr/v/c1/s_1x2.gif"
"1536624121-837","https://www.ebay.com/sch/Tempered-Glass-Screen-Protectors-for-Cell-Phone/58540/i.html?_fsrp=1&Material=Tempered%2520Glass&_ipg=200","9H 2.5D Tempered Glass Film For Xiaomi Mi A2 / A2 Lite Screen Protector Film","$2.49","https://ir.ebaystatic.com/cr/v/c1/s_1x2.gif"
"1536624121-806","https://www.ebay.com/sch/Tempered-Glass-Screen-Protectors-for-Cell-Phone/58540/i.html?_fsrp=1&Material=Tempered%2520Glass&_ipg=200","Privacy Screen Protector 3D Tempered Glass For Samsung Galaxy S8 S9 Plus Note 8","$3.06","https://ir.ebaystatic.com/cr/v/c1/s_1x2.gif"
"1536624121-812","https://www.ebay.com/sch/Tempered-Glass-Screen-Protectors-for-Cell-Phone/58540/i.html?_fsrp=1&Material=Tempered%2520Glass&_ipg=200","5X Tempered Glass Film Screen Protector For Samsung Galaxy J3 J5 J7 Pro J4 J6 J8","$2.26","https://ir.ebaystatic.com/cr/v/c1/s_1x2.gif"
"1536624121-822","https://www.ebay.com/sch/Tempered-Glass-Screen-Protectors-for-Cell-Phone/58540/i.html?_fsrp=1&Material=Tempered%2520Glass&_ipg=200","9H+ Premium Tempered Glass Screen Protective Film For Huawei P8 P9 P10 Lite 2017","$3.41","https://ir.ebaystatic.com/cr/v/c1/s_1x2.gif"
"1536624121-854","https://www.ebay.com/sch/Tempered-Glass-Screen-Protectors-for-Cell-Phone/58540/i.html?_fsrp=1&Material=Tempered%2520Glass&_ipg=200","For Samsung Galaxy A3 A5 A7 2016/2017 Full Cover Tempered Glass Screen Protector","$1.25","https://ir.ebaystatic.com/cr/v/c1/s_1x2.gif"
"1536624121-804","https://www.ebay.com/sch/Tempered-Glass-Screen-Protectors-for-Cell-Phone/58540/i.html?_fsrp=1&Material=Tempered%2520Glass&_ipg=200","Clear Screen Protector Tempered Glass Protective For Samsung Galaxy S7/S7 DIY","$2.52","https://ir.ebaystatic.com/cr/v/c1/s_1x2.gif"
"1536624121-813","https://www.ebay.com/sch/Tempered-Glass-Screen-Protectors-for-Cell-Phone/58540/i.html?_fsrp=1&Material=Tempered%2520Glass&_ipg=200","2X Tempered Glass Screen Protector For Samsung Galaxy A3 A5 2017 A8 A8 Plus 2018","$1.89","https://ir.ebaystatic.com/cr/v/c1/s_1x2.gif"
"1536624121-917","https://www.ebay.com/sch/Tempered-Glass-Screen-Protectors-for-Cell-Phone/58540/i.html?_fsrp=1&Material=Tempered%2520Glass&_ipg=200","For OnePlus 5T 5 Full Cover 5D Curved Edge Tempered Glass Film Screen Protector","$3.99","https://ir.ebaystatic.com/cr/v/c1/s_1x2.gif"
"1536624121-853","https://www.ebay.com/sch/Tempered-Glass-Screen-Protectors-for-Cell-Phone/58540/i.html?_fsrp=1&Material=Tempered%2520Glass&_ipg=200","For Huawei Y3 Y5 Y6 Y7 2017 2018 Full Cover 9H Tempered Glass Screen Protector","$1.79","https://ir.ebaystatic.com/cr/v/c1/s_1x2.gif"
"1536624121-783","https://www.ebay.com/sch/Tempered-Glass-Screen-Protectors-for-Cell-Phone/58540/i.html?_fsrp=1&Material=Tempered%2520Glass&_ipg=200","Full Cover Tempered Glass Screen Protector For Samsung Galaxy S7 Edge S8 S9 Plus","$2.26","https://i.ebayimg.com/thumbs/images/m/mVRQjsE6SaOERg-5etHg20g/s-l225.jpg"
"1536624121-953","https://www.ebay.com/sch/Tempered-Glass-Screen-Protectors-for-Cell-Phone/58540/i.html?_fsrp=1&Material=Tempered%2520Glass&_ipg=200","Premium Screen Protector Tempered Glass Protective Film Guard For iPhone Apple","$0.75","https://ir.ebaystatic.com/cr/v/c1/s_1x2.gif"
"1536624121-918","https://www.ebay.com/sch/Tempered-Glass-Screen-Protectors-for-Cell-Phone/58540/i.html?_fsrp=1&Material=Tempered%2520Glass&_ipg=200","For Huawei Honor 10 3D Full Covered Tempered Glass Screen Protector Film Cover","$1.56","https://ir.ebaystatic.com/cr/v/c1/s_1x2.gif"
"1536624121-940","https://www.ebay.com/sch/Tempered-Glass-Screen-Protectors-for-Cell-Phone/58540/i.html?_fsrp=1&Material=Tempered%2520Glass&_ipg=200","5D Full Cover Curved Edge Tempered Glass Film Screen Protector For OnePlus 5T 5","$1.69","https://ir.ebaystatic.com/cr/v/c1/s_1x2.gif"
"1536624121-972","https://www.ebay.com/sch/Tempered-Glass-Screen-Protectors-for-Cell-Phone/58540/i.html?_fsrp=1&Material=Tempered%2520Glass&_ipg=200","2X For LG K4 K5 K7 K10 K8 2016 2017 Premium Tempered Glass Screen Protector Film","$1.57","https://ir.ebaystatic.com/cr/v/c1/s_1x2.gif"
"1536624121-794","https://www.ebay.com/sch/Tempered-Glass-Screen-Protectors-for-Cell-Phone/58540/i.html?_fsrp=1&Material=Tempered%2520Glass&_ipg=200","5Pcs Tempered Glass Protective Screen Protector Film for iPhone 10 X 6S 7 8 Plus","$2.19","https://ir.ebaystatic.com/cr/v/c1/s_1x2.gif"
"1536624121-835","https://www.ebay.com/sch/Tempered-Glass-Screen-Protectors-for-Cell-Phone/58540/i.html?_fsrp=1&Material=Tempered%2520Glass&_ipg=200","3X 5X 9H Tempered Glass Film Screen Protector Cover For LG G3 G4 G5 G6 K4 K8 K10","$2.19","https://ir.ebaystatic.com/cr/v/c1/s_1x2.gif"
"1536624121-932","https://www.ebay.com/sch/Tempered-Glass-Screen-Protectors-for-Cell-Phone/58540/i.html?_fsrp=1&Material=Tempered%2520Glass&_ipg=200","For Samsung Galaxy A3 5 6 7 8 Plus Accessory Tempered Glass Screen Protector 2pc","$1.50","https://ir.ebaystatic.com/cr/v/c1/s_1x2.gif"
"1536624121-969","https://www.ebay.com/sch/Tempered-Glass-Screen-Protectors-for-Cell-Phone/58540/i.html?_fsrp=1&Material=Tempered%2520Glass&_ipg=200","3X Tempered Glass Screen Protector For Huawei P20/P8/P9/P10Plus/Lite Honor 8/9","$1.37","https://ir.ebaystatic.com/cr/v/c1/s_1x2.gif"
"1536624121-821","https://www.ebay.com/sch/Tempered-Glass-Screen-Protectors-for-Cell-Phone/58540/i.html?_fsrp=1&Material=Tempered%2520Glass&_ipg=200","Full Cover Tempered Glass Screen Protector For Xiaomi Redmi 5 Plus Note 4X 5 Pro","$1.89","https://ir.ebaystatic.com/cr/v/c1/s_1x2.gif"
"1536624121-971","https://www.ebay.com/sch/Tempered-Glass-Screen-Protectors-for-Cell-Phone/58540/i.html?_fsrp=1&Material=Tempered%2520Glass&_ipg=200","Tempered Glass Full Cover Screen Protector For Xiaomi Mi A1 MiA1 Protective 5.5","$1.59","https://ir.ebaystatic.com/cr/v/c1/s_1x2.gif"
"1536624121-816","https://www.ebay.com/sch/Tempered-Glass-Screen-Protectors-for-Cell-Phone/58540/i.html?_fsrp=1&Material=Tempered%2520Glass&_ipg=200","2X Tempered Glass Film Screen Protector For Huawei P8/P9/P10Plus/Lite Honor 8 9","$1.44","https://ir.ebaystatic.com/cr/v/c1/s_1x2.gif"
"1536624121-911","https://www.ebay.com/sch/Tempered-Glass-Screen-Protectors-for-Cell-Phone/58540/i.html?_fsrp=1&Material=Tempered%2520Glass&_ipg=200","Premium Tempered Glass Screen Guard Real Clear Slim Protector Film For iphone 5s","$0.71","https://ir.ebaystatic.com/cr/v/c1/s_1x2.gif"
"1536624121-977","https://www.ebay.com/sch/Tempered-Glass-Screen-Protectors-for-Cell-Phone/58540/i.html?_fsrp=1&Material=Tempered%2520Glass&_ipg=200","2Pcs 3D Tempered Glass 9H Screen Protector For XiaoMi Mi A2 / (Mi 6X) Phone","$1.40","https://ir.ebaystatic.com/cr/v/c1/s_1x2.gif"
"1536624121-795","https://www.ebay.com/sch/Tempered-Glass-Screen-Protectors-for-Cell-Phone/58540/i.html?_fsrp=1&Material=Tempered%2520Glass&_ipg=200","5 X 9H+ Tempered Glass Screen Protector For Samsung Galaxy A3 A5 A7 2016 / 2017","$2.27","https://ir.ebaystatic.com/cr/v/c1/s_1x2.gif"
"1536624121-957","https://www.ebay.com/sch/Tempered-Glass-Screen-Protectors-for-Cell-Phone/58540/i.html?_fsrp=1&Material=Tempered%2520Glass&_ipg=200","For Samsung Galaxy A6 A8Plus 2018 3D Curved Tempered Glass Full Screen Protector","$1.37","https://ir.ebaystatic.com/cr/v/c1/s_1x2.gif"
"1536624121-811","https://www.ebay.com/sch/Tempered-Glass-Screen-Protectors-for-Cell-Phone/58540/i.html?_fsrp=1&Material=Tempered%2520Glass&_ipg=200","6Pcs 9H Premium Tempered Glass Screen Protector For Samsung Galaxy J3 J5 J7 2017","$3.15","https://ir.ebaystatic.com/cr/v/c1/s_1x2.gif"
"1536624121-936","https://www.ebay.com/sch/Tempered-Glass-Screen-Protectors-for-Cell-Phone/58540/i.html?_fsrp=1&Material=Tempered%2520Glass&_ipg=200","[ 3 Pack ] For iPhone X 8 7 6 Screen Protector Tempered Glass Premium Protection","$1.64","https://ir.ebaystatic.com/cr/v/c1/s_1x2.gif"
"1536624121-978","https://www.ebay.com/sch/Tempered-Glass-Screen-Protectors-for-Cell-Phone/58540/i.html?_fsrp=1&Material=Tempered%2520Glass&_ipg=200","2X Screen Protector REAL Tempered Glass Film For Meizu Pro6/MX6/M2 Note/M3 Max","$2.09","https://ir.ebaystatic.com/cr/v/c1/s_1x2.gif"
"1536624121-894","https://www.ebay.com/sch/Tempered-Glass-Screen-Protectors-for-Cell-Phone/58540/i.html?_fsrp=1&Material=Tempered%2520Glass&_ipg=200","For Sony Xperia XA1 XA2 XZ1 3D Curved Cover Tempered Glass Screen Protector Film","$2.41","https://ir.ebaystatic.com/cr/v/c1/s_1x2.gif"
"1536624121-878","https://www.ebay.com/sch/Tempered-Glass-Screen-Protectors-for-Cell-Phone/58540/i.html?_fsrp=1&Material=Tempered%2520Glass&_ipg=200","For Samsung Galaxy A3 A5 A7 2016/2017 Full Cover Tempered Glass Screen Protector","$1.33","https://ir.ebaystatic.com/cr/v/c1/s_1x2.gif"
"1536624121-824","https://www.ebay.com/sch/Tempered-Glass-Screen-Protectors-for-Cell-Phone/58540/i.html?_fsrp=1&Material=Tempered%2520Glass&_ipg=200","2Pcs Tempered Glass Screen Protector Film For Huawei P8 P9 P10 Lite 2017 P20 Pro","$1.89","https://ir.ebaystatic.com/cr/v/c1/s_1x2.gif"
"1536624121-941","https://www.ebay.com/sch/Tempered-Glass-Screen-Protectors-for-Cell-Phone/58540/i.html?_fsrp=1&Material=Tempered%2520Glass&_ipg=200","For Xiaomi Mi Note 2 3D Curved Full Cover Newest Tempered Glass Screen Protector","$2.58","https://ir.ebaystatic.com/cr/v/c1/s_1x2.gif"
"1536624121-828","https://www.ebay.com/sch/Tempered-Glass-Screen-Protectors-for-Cell-Phone/58540/i.html?_fsrp=1&Material=Tempered%2520Glass&_ipg=200","2X Tempered Glass Screen Protector For XiaoMi Redmi 5 Plus 6 6A S2 Note 5A 5 Pro","$1.98","https://ir.ebaystatic.com/cr/v/c1/s_1x2.gif"
"1536624121-798","https://www.ebay.com/sch/Tempered-Glass-Screen-Protectors-for-Cell-Phone/58540/i.html?_fsrp=1&Material=Tempered%2520Glass&_ipg=200","For Samsung Galaxy S8 S9 Plus Note 9 Case Real Tempered Glass Screen Protector","$2.59","https://ir.ebaystatic.com/cr/v/c1/s_1x2.gif"
"1536624121-954","https://www.ebay.com/sch/Tempered-Glass-Screen-Protectors-for-Cell-Phone/58540/i.html?_fsrp=1&Material=Tempered%2520Glass&_ipg=200","3X Premium Real Screen Protector Tempered Glass Protective Film For iPhone 8 / 7","$1.88","https://ir.ebaystatic.com/cr/v/c1/s_1x2.gif"
"1536624121-787","https://www.ebay.com/sch/Tempered-Glass-Screen-Protectors-for-Cell-Phone/58540/i.html?_fsrp=1&Material=Tempered%2520Glass&_ipg=200","3X 5X Premium Screen Protector Real Tempered Glass for iPhone X 10 8 7 6s 6 Plus","$2.39","https://ir.ebaystatic.com/cr/v/c1/s_1x2.gif"
"1536624121-965","https://www.ebay.com/sch/Tempered-Glass-Screen-Protectors-for-Cell-Phone/58540/i.html?_fsrp=1&Material=Tempered%2520Glass&_ipg=200","2Pcs 9H+ Tempered Glass Screen Protector For Samsung Galaxy A3 A5 A7 2017 /2016","$1.42","https://ir.ebaystatic.com/cr/v/c1/s_1x2.gif"
"1536624121-833","https://www.ebay.com/sch/Tempered-Glass-Screen-Protectors-for-Cell-Phone/58540/i.html?_fsrp=1&Material=Tempered%2520Glass&_ipg=200","2Pcs Tempered Glass Screen Protector Film Cover For XiaoMi Mi 8 Se A1 5X 6X A2","$1.87","https://ir.ebaystatic.com/cr/v/c1/s_1x2.gif"
"1536624121-875","https://www.ebay.com/sch/Tempered-Glass-Screen-Protectors-for-Cell-Phone/58540/i.html?_fsrp=1&Material=Tempered%2520Glass&_ipg=200","3 Pack 9H+ Premium Tempered Glass Screen Protector Guard Film for Xiaomi Phone","$2.19","https://ir.ebaystatic.com/cr/v/c1/s_1x2.gif"
"1536624121-788","https://www.ebay.com/sch/Tempered-Glass-Screen-Protectors-for-Cell-Phone/58540/i.html?_fsrp=1&Material=Tempered%2520Glass&_ipg=200","For Samsung Galaxy S8/S9 Plus Screen Protector Full Coverage 9H Tempered Glass","$2.35","https://ir.ebaystatic.com/cr/v/c1/s_1x2.gif"
"1536624121-933","https://www.ebay.com/sch/Tempered-Glass-Screen-Protectors-for-Cell-Phone/58540/i.html?_fsrp=1&Material=Tempered%2520Glass&_ipg=200","Full Cover Tempered Glass Film Screen Protector For Samsung Galaxy J3 J5 J7 2017","$1.21","https://ir.ebaystatic.com/cr/v/c1/s_1x2.gif"
"1536624121-907","https://www.ebay.com/sch/Tempered-Glass-Screen-Protectors-for-Cell-Phone/58540/i.html?_fsrp=1&Material=Tempered%2520Glass&_ipg=200","NILLKIN Amazing 9H/9H+/9H+PRO Tempered Glass Screen Protector For OnePlus 6 3 5T","$8.59","https://ir.ebaystatic.com/cr/v/c1/s_1x2.gif"
"1536624121-799","https://www.ebay.com/sch/Tempered-Glass-Screen-Protectors-for-Cell-Phone/58540/i.html?_fsrp=1&Material=Tempered%2520Glass&_ipg=200","2X For Xiaomi Mi A1/Mi 5X 9H 3D Full Cover Tempered Glass Film Screen Protector","$2.28","https://ir.ebaystatic.com/cr/v/c1/s_1x2.gif"
"1536624121-840","https://www.ebay.com/sch/Tempered-Glass-Screen-Protectors-for-Cell-Phone/58540/i.html?_fsrp=1&Material=Tempered%2520Glass&_ipg=200","Screen Protector Tempered Glass Protective Film For iPhone5S 6S 7 7plus SE+","$0.71","https://ir.ebaystatic.com/cr/v/c1/s_1x2.gif"
"1536624121-886","https://www.ebay.com/sch/Tempered-Glass-Screen-Protectors-for-Cell-Phone/58540/i.html?_fsrp=1&Material=Tempered%2520Glass&_ipg=200","3x Full Cover Tempered Glass For Samsung Galaxy A3 A5 A7 J3 J5 J7 2017/2016 lot","$2.37","https://ir.ebaystatic.com/cr/v/c1/s_1x2.gif"
"1536624121-922","https://www.ebay.com/sch/Tempered-Glass-Screen-Protectors-for-Cell-Phone/58540/i.html?_fsrp=1&Material=Tempered%2520Glass&_ipg=200","9H Tempered Glass Screen Protector Film Cover For OnePlus 6/5T/5/3T/3/2/X/One","$1.51","https://ir.ebaystatic.com/cr/v/c1/s_1x2.gif"
"1536624121-844","https://www.ebay.com/sch/Tempered-Glass-Screen-Protectors-for-Cell-Phone/58540/i.html?_fsrp=1&Material=Tempered%2520Glass&_ipg=200","For Xiaomi Redmi Note 4 4X 3D Full Cover 9H Tempered Glass Screen Protector Film","$1.28","https://ir.ebaystatic.com/cr/v/c1/s_1x2.gif"
"1536624121-850","https://www.ebay.com/sch/Tempered-Glass-Screen-Protectors-for-Cell-Phone/58540/i.html?_fsrp=1&Material=Tempered%2520Glass&_ipg=200","4D Curved Full Cover Tempered Glass Screen Protector Film For iPhone 7 6S 6 Plus","$2.14","https://ir.ebaystatic.com/cr/v/c1/s_1x2.gif"
"1536624121-883","https://www.ebay.com/sch/Tempered-Glass-Screen-Protectors-for-Cell-Phone/58540/i.html?_fsrp=1&Material=Tempered%2520Glass&_ipg=200","For Xiaomi Redmi Note 5 Pro/5S/5A 3D Full Cover Tempered Glass Screen Protector","$2.86","https://ir.ebaystatic.com/cr/v/c1/s_1x2.gif"
"1536624121-956","https://www.ebay.com/sch/Tempered-Glass-Screen-Protectors-for-Cell-Phone/58540/i.html?_fsrp=1&Material=Tempered%2520Glass&_ipg=200","Apple iPhone X Premium 3D Full Cover Invisible Tempered Glass Screen Protector","$2.73","https://ir.ebaystatic.com/cr/v/c1/s_1x2.gif"
"1536624121-951","https://www.ebay.com/sch/Tempered-Glass-Screen-Protectors-for-Cell-Phone/58540/i.html?_fsrp=1&Material=Tempered%2520Glass&_ipg=200","HQ PREMIUM REAL TEMPERED GLASS SCREEN PROTECTOR FOR IPHONE SE 5S 5C 5 /DA","$0.71","https://ir.ebaystatic.com/cr/v/c1/s_1x2.gif"
"1536624121-839","https://www.ebay.com/sch/Tempered-Glass-Screen-Protectors-for-Cell-Phone/58540/i.html?_fsrp=1&Material=Tempered%2520Glass&_ipg=200","For Huawei P20 Pro Lite Premium Full Cover Tempered Glass Film Screen Protector","$1.21","https://ir.ebaystatic.com/cr/v/c1/s_1x2.gif"
"1536624121-899","https://www.ebay.com/sch/Tempered-Glass-Screen-Protectors-for-Cell-Phone/58540/i.html?_fsrp=1&Material=Tempered%2520Glass&_ipg=200","For iPhone X 8 7 6s Plus 3D Curved Full Covered Tempered Glass Screen Protector","$3.59","https://ir.ebaystatic.com/cr/v/c1/s_1x2.gif"
"1536624121-898","https://www.ebay.com/sch/Tempered-Glass-Screen-Protectors-for-Cell-Phone/58540/i.html?_fsrp=1&Material=Tempered%2520Glass&_ipg=200","iPhone 8 / 7 6s 6 Plus  9H Full Tempered Glass Screen Protector Cover 3D Curved","$1.81","https://ir.ebaystatic.com/cr/v/c1/s_1x2.gif"
"1536624121-864","https://www.ebay.com/sch/Tempered-Glass-Screen-Protectors-for-Cell-Phone/58540/i.html?_fsrp=1&Material=Tempered%2520Glass&_ipg=200","2X Premium Tempered Glass Screen Protector Film & Case For Samsung Galaxy S6 S7","$1.51","https://ir.ebaystatic.com/cr/v/c1/s_1x2.gif"
"1536624121-785","https://www.ebay.com/sch/Tempered-Glass-Screen-Protectors-for-Cell-Phone/58540/i.html?_fsrp=1&Material=Tempered%2520Glass&_ipg=200","1/2/5 PCS For OnePlus 6 5T 3T Full Coverage Tempered Glass Screen Protector Film","$2.59","https://i.ebayimg.com/thumbs/images/m/m32wRiUbP7L5pod7nX44Aig/s-l225.jpg"
"1536624121-869","https://www.ebay.com/sch/Tempered-Glass-Screen-Protectors-for-Cell-Phone/58540/i.html?_fsrp=1&Material=Tempered%2520Glass&_ipg=200","5D Curved Full Coverage Front Rear Tempered Glass Screen Protector For iPhone X","$2.75","https://ir.ebaystatic.com/cr/v/c1/s_1x2.gif"
"1536624121-836","https://www.ebay.com/sch/Tempered-Glass-Screen-Protectors-for-Cell-Phone/58540/i.html?_fsrp=1&Material=Tempered%2520Glass&_ipg=200","For Xiaomi Redmi Note 5 Pro/5S/5A 6D Full Cover Tempered Glass Screen Protector","$2.77","https://ir.ebaystatic.com/cr/v/c1/s_1x2.gif"
"1536624121-781","https://www.ebay.com/sch/Tempered-Glass-Screen-Protectors-for-Cell-Phone/58540/i.html?_fsrp=1&Material=Tempered%2520Glass&_ipg=200","4Pcs Premium Real Screen Protector Tempered Glass Film For iPhone 6 6s 7 Plus","$3.50","https://i.ebayimg.com/thumbs/images/m/m4I6HoePFZNlumrsE-G9l7A/s-l225.jpg"
"1536624121-950","https://www.ebay.com/sch/Tempered-Glass-Screen-Protectors-for-Cell-Phone/58540/i.html?_fsrp=1&Material=Tempered%2520Glass&_ipg=200","2Pcs Tempered Glass Film Screen Protector For Samsung Galaxy S4 S5 S6 Note 3 4 5","$1.86","https://ir.ebaystatic.com/cr/v/c1/s_1x2.gif"
"1536624121-928","https://www.ebay.com/sch/Tempered-Glass-Screen-Protectors-for-Cell-Phone/58540/i.html?_fsrp=1&Material=Tempered%2520Glass&_ipg=200","For OnePlus 6 3T 5 5T 3D Curved Full Cover Tempered Glass Film Screen Protector","$2.59","https://ir.ebaystatic.com/cr/v/c1/s_1x2.gif"
"1536624121-819","https://www.ebay.com/sch/Tempered-Glass-Screen-Protectors-for-Cell-Phone/58540/i.html?_fsrp=1&Material=Tempered%2520Glass&_ipg=200","For OnePlus 6 Original Nillkin Premium 9H Hard Tempered Glass Screen Protector","$7.89","https://ir.ebaystatic.com/cr/v/c1/s_1x2.gif"
"1536624121-963","https://www.ebay.com/sch/Tempered-Glass-Screen-Protectors-for-Cell-Phone/58540/i.html?_fsrp=1&Material=Tempered%2520Glass&_ipg=200","For Xiaomi Redmi 4 4X 3D Full Cover 9H Tempered Glass Screen Protector Film NEW","$1.20","https://ir.ebaystatic.com/cr/v/c1/s_1x2.gif"
"1536624121-861","https://www.ebay.com/sch/Tempered-Glass-Screen-Protectors-for-Cell-Phone/58540/i.html?_fsrp=1&Material=Tempered%2520Glass&_ipg=200","9D Curved Edge Tempered Glass Full Screen Protector Film For iPhone X 6 7 8 Plus","$2.35","https://ir.ebaystatic.com/cr/v/c1/s_1x2.gif"
"1536624121-803","https://www.ebay.com/sch/Tempered-Glass-Screen-Protectors-for-Cell-Phone/58540/i.html?_fsrp=1&Material=Tempered%2520Glass&_ipg=200","Full Cover Tempered Glass Screen Protector For Samsung Galaxy S6 S7 Edge S8 Plus","$2.28","https://ir.ebaystatic.com/cr/v/c1/s_1x2.gif"
"1536624121-958","https://www.ebay.com/sch/Tempered-Glass-Screen-Protectors-for-Cell-Phone/58540/i.html?_fsrp=1&Material=Tempered%2520Glass&_ipg=200","2X 9H Tempered Glass Screen Protector Film Guard For Sony Xperia Z3 Z4 Z5 M4 M5","$1.95","https://ir.ebaystatic.com/cr/v/c1/s_1x2.gif"
"1536624121-790","https://www.ebay.com/sch/Tempered-Glass-Screen-Protectors-for-Cell-Phone/58540/i.html?_fsrp=1&Material=Tempered%2520Glass&_ipg=200","Screen Protector For iPhone X 8 7 6s Plus 6D Curved Full Coverage Tempered Glass","$2.99","https://ir.ebaystatic.com/cr/v/c1/s_1x2.gif"
"1536624121-897","https://www.ebay.com/sch/Tempered-Glass-Screen-Protectors-for-Cell-Phone/58540/i.html?_fsrp=1&Material=Tempered%2520Glass&_ipg=200","2Pcs 9H Premium Tempered Glass Film Screen Protector For XiaoMi Mi A1 5X / A2 6X","$1.89","https://ir.ebaystatic.com/cr/v/c1/s_1x2.gif"
"1536624121-890","https://www.ebay.com/sch/Tempered-Glass-Screen-Protectors-for-Cell-Phone/58540/i.html?_fsrp=1&Material=Tempered%2520Glass&_ipg=200","Premium Tempered Glass Screen Protector Film Cover For Samsung Galaxy Note Phone","$0.71","https://ir.ebaystatic.com/cr/v/c1/s_1x2.gif"
"1536624121-848","https://www.ebay.com/sch/Tempered-Glass-Screen-Protectors-for-Cell-Phone/58540/i.html?_fsrp=1&Material=Tempered%2520Glass&_ipg=200","2X 3X Tempered Glass Protective Screen Protector For Xiaomi Redmi Note 4 / 4X 5A","$2.28","https://ir.ebaystatic.com/cr/v/c1/s_1x2.gif"
"1536624121-782","https://www.ebay.com/sch/Tempered-Glass-Screen-Protectors-for-Cell-Phone/58540/i.html?_fsrp=1&Material=Tempered%2520Glass&_ipg=200","5X Tempered Glass Screen Protector Cover For Samsung Galaxy J2 J3 J4 J5 J6 J7 J8","$2.28","https://i.ebayimg.com/thumbs/images/m/mzk4rvOL7MsgJN_R1yINrIA/s-l225.jpg"
"1536624121-920","https://www.ebay.com/sch/Tempered-Glass-Screen-Protectors-for-Cell-Phone/58540/i.html?_fsrp=1&Material=Tempered%2520Glass&_ipg=200","5D Curved Full Cover Tempered Glass Screen Protector Film For iPhone X 8 7 6S 6","$2.12","https://ir.ebaystatic.com/cr/v/c1/s_1x2.gif"
"1536624121-780","https://www.ebay.com/sch/Tempered-Glass-Screen-Protectors-for-Cell-Phone/58540/i.html?_fsrp=1&Material=Tempered%2520Glass&_ipg=200","Case Friendly Tempered Glass Screen Protector Full Cover Samsung Galaxy S8 Plus","$5.12","https://i.ebayimg.com/thumbs/images/g/keMAAOSw2yNbRedN/s-l225.jpg"
"1536624121-859","https://www.ebay.com/sch/Tempered-Glass-Screen-Protectors-for-Cell-Phone/58540/i.html?_fsrp=1&Material=Tempered%2520Glass&_ipg=200","2X Tempered Glass Screen Protector For Samsung Galaxy A3 A5 A7 2017 / A6 A8 2018","$1.88","https://ir.ebaystatic.com/cr/v/c1/s_1x2.gif"
"1536624121-937","https://www.ebay.com/sch/Tempered-Glass-Screen-Protectors-for-Cell-Phone/58540/i.html?_fsrp=1&Material=Tempered%2520Glass&_ipg=200","Case Friendly Tempered Glass Screen Protector Full Cover Samsung Galaxy S7 edge","$5.12","https://ir.ebaystatic.com/cr/v/c1/s_1x2.gif"
"1536624121-797","https://www.ebay.com/sch/Tempered-Glass-Screen-Protectors-for-Cell-Phone/58540/i.html?_fsrp=1&Material=Tempered%2520Glass&_ipg=200","For Apple iPhone X 6s 7 8 Plus - 5D Full Cover Tempered Glass Screen Protector","$2.17","https://ir.ebaystatic.com/cr/v/c1/s_1x2.gif"
